asset,equal_weight,fund_x,bl_posterior
US Equities,0.16666666666666666,0.3,0.0
EU Equities,0.16666666666666666,0.2,0.08311
EM Equities,0.16666666666666666,0.0,0.0
IG Bonds,0.16666666666666666,0.3,0.33728
TIPS,0.16666666666666666,0.0,0.20849
Commodities,0.16666666666666666,0.2,0.37113
