asset,equal_weight,fund_x,bl_posterior
US Equities,0.16666666666666666,0.3,0.22017
EU Equities,0.16666666666666666,0.2,0.07903
EM Equities,0.16666666666666666,0.0,0.0
IG Bonds,0.16666666666666666,0.3,0.0
TIPS,0.16666666666666666,0.0,0.3008
Commodities,0.16666666666666666,0.2,0.4
